{"cameraMode":{"drawMode":0,"name":"Shaded","section":"Shading Mode"},"sceneLighting":true,"audioPlay":false,"sceneViewState":{"m_AlwaysRefresh":false,"showFog":true,"showSkybox":true,"showFlares":true,"showImageEffects":true,"showParticleSystems":true,"showVisualEffectGraphs":true,"m_FxEnabled":true},"in2DMode":false,"pivot":{"x":12.799999237060547,"y":4.239999771118164,"z":-14.399999618530274},"rotation":{"x":0.2838553488254547,"y":-0.44722259044647219,"z":0.15213508903980256,"w":0.8344325423240662},"size":12.12435531616211,"orthographic":false}